cluster,n_structures,descriptor_compactness_mean_distance,descriptor_compactness_std_distance
0,41,2.5331667097130564,0.7635878605645373
2,1342,2.5349688032019557,0.7575837688287967
