cluster_a,cluster_b,n_a,n_b,u_statistic,p_value_raw,cliffs_delta,mean_delta_a,mean_delta_b,p_value_holm
2,1,1342,47,22983.0,0.0015536206249112839,-0.27123695976154993,0.3277500075226179,0.43018212851057663,0.004660861874733852
0,1,41,47,693.0,0.023912535539600162,-0.28074727555786194,0.41546146171848947,0.43018212851057663,0.047825071079200324
2,0,1342,41,23380.5,0.1011146444414479,-0.15013994402239103,0.3277500075226179,0.41546146171848947,0.1011146444414479
