representation,silhouette_score,weighted_cluster_delta_energy_std,mean_neighbor_delta_energy_gap
metadata_baseline,0.2851101489492555,0.22518696212584477,0.15893280166595733
handcrafted_features,0.11999852954634786,0.17983431926434287,0.10232382118461598
gnn_embedding,0.10309369075963712,0.14364088199521952,0.09090066395297716
random_baseline,0.006165945300969412,0.23592258128876348,0.2514346240329398
