{
  "num_structures": 2916,
  "embedding_dim": 128,
  "mean_energy": -936.3141890370142,
  "mean_delta_energy": 0.32561102546367443,
  "std_delta_energy": 0.23597161622787363,
  "pca_var_ratio_1": 0.11995554265188513,
  "pca_var_ratio_2": 0.10885291662853817,
  "umap_available": false
}