cluster_method,n_clusters,noise_points,silhouette_score
kmeans,6,0,0.10678068174948763
hierarchical,6,0,0.07579534517101967
gmm,6,0,0.06736839194697711
hdbscan,3,1486,0.01388682659686788
